bacen_code,name,iso_alpha_2,iso_alpha_3,valid_from,valid_until,active
0132,AFEGANISTAO,,,,,true
0153,"ALAND, ILHAS",,,,,true
0200,CURACAO,,,,,true
0230,ALEMANHA,,,,,true
0310,BURKINA FASO,,,,,true
0370,ANDORRA,,,,,true
0400,ANGOLA,,,,,true
0418,ANGUILLA,,,,,true
0420,ANTARTICA,,,,,true
0434,ANTIGUA E BARBUDA,,,,,true
0531,ARABIA SAUDITA,,,,,true
0590,ARGELIA,,,,,true
0639,ARGENTINA,,,,,true
0647,"ARMENIA, REPUBLICA DA",,,,,true
0655,ARUBA,,,,,true
0698,AUSTRALIA,,,,,true
0728,AUSTRIA,,,,,true
0736,"AZERBAIJAO, REPUBLICA DO",,,,,true
0779,"BAHAMAS, ILHAS",,,,,true
0809,"BAHREIN, ILHAS",,,,,true
0817,BANGLADESH,,,,,true
0833,BARBADOS,,,,,true
0850,"BELARUS, REPUBLICA DA",,,,,true
0876,BELGICA,,,,,true
0884,BELIZE,,,,,true
0906,BERMUDAS,,,,,true
0930,MIANMAR (BIRMANIA),,,,,true
0973,"BOLIVIA, ESTADO PLURINACIONAL DA",,,,,true
0981,BOSNIA-HERZEGOVINA (REPUBLICA DA),,,,,true
0990,BONAIRE,,,,,true
1015,BOTSUANA,,,,,true
1023,"BOUVET, ILHA",,,,,true
1058,BRASIL,,,,,true
1082,BRUNEI,,,,,true
1112,"BULGARIA, REPUBLICA DA",,,,,true
1155,BURUNDI,,,,,true
1198,BUTAO,,,,,true
1279,"CABO VERDE, REPUBLICA DE",,,,,true
1376,"CAYMAN, ILHAS",,,,,true
1414,CAMBOJA,,,,,true
1457,CAMAROES,,,,,true
1490,CANADA,,,,,true
1504,"GUERNSEY, ILHA DO CANAL (INCLUI ALDERNEY E SARK)",,,,,true
1508,"JERSEY, ILHA DO CANAL",,,,,true
1538,"CAZAQUISTAO, REPUBLICA DO",,,,,true
1546,CATAR,,,,,true
1589,CHILE,,,,,true
1600,"CHINA, REPUBLICA POPULAR",,,,,true
1619,FORMOSA (TAIWAN),,,,,true
1635,CHIPRE,,,,,true
1651,"COCOS(KEELING),ILHAS",,,,,true
1694,COLOMBIA,,,,,true
1732,"COMORES, ILHAS",,,,,true
1775,CONGO,,,,,true
1830,"COOK, ILHAS",,,,,true
1872,"COREIA (DO NORTE), REP.POP.DEMOCRATICA",,,,,true
1902,"COREIA (DO SUL), REPUBLICA DA",,,,,true
1937,COSTA DO MARFIM,,,,,true
1953,CROACIA (REPUBLICA DA),,,,,true
1961,COSTA RICA,,,,,true
1988,KUWAIT,,,,,true
1996,CUBA,,,,,true
2003,CURACAO,,,,,true
2291,BENIN,,,,,true
2321,DINAMARCA,,,,,true
2356,"DOMINICA,ILHA",,,,,true
2399,EQUADOR,,,,,true
2402,EGITO,,,,,true
2437,ERITREIA,,,,,true
2445,EMIRADOS ARABES UNIDOS,,,,,true
2453,ESPANHA,,,,,true
2461,"ESLOVENIA, REPUBLICA DA",,,,,true
2470,"ESLOVACA, REPUBLICA",,,,,true
2496,ESTADOS UNIDOS,,,,,true
2518,"ESTONIA, REPUBLICA DA",,,,,true
2534,ETIOPIA,,,,,true
2550,FALKLAND (ILHAS MALVINAS),,,,,true
2593,"FEROE, ILHAS",,,,,true
2674,FILIPINAS,,,,,true
2712,FINLANDIA,,,,,true
2755,FRANCA,,,,,true
2810,GABAO,,,,,true
2852,GAMBIA,,,,,true
2895,GANA,,,,,true
2917,"GEORGIA, REPUBLICA DA",,,,,true
2925,ILHAS GEORGIA DO SUL E SANDWICH DO SUL,,,,,true
2933,GIBRALTAR,,,,,true
2976,GRANADA,,,,,true
3018,GRECIA,,,,,true
3050,GROENLANDIA,,,,,true
3093,GUADALUPE,,,,,true
3131,GUAM,,,,,true
3174,GUATEMALA,,,,,true
3212,"GUERNSEY, ILHA DO CANAL (INCLUI ALDERNEY E SARK)",,,,,true
3255,GUIANA FRANCESA,,,,,true
3298,GUINE,,,,,true
3310,GUINE-EQUATORIAL,,,,,true
3344,GUINE-BISSAU,,,,,true
3379,GUIANA,,,,,true
3417,HAITI,,,,,true
3433,ILHA HEARD E ILHAS MCDONALD,,,,,true
3450,HONDURAS,,,,,true
3514,HONG KONG,,,,,true
3557,"HUNGRIA, REPUBLICA DA",,,,,true
3573,IEMEN,,,,,true
3595,"MAN, ILHA DE",,,,,true
3599,BONAIRE,,,,,true
3611,INDIA,,,,,true
3654,INDONESIA,,,,,true
3697,IRAQUE,,,,,true
3727,"IRA, REPUBLICA ISLAMICA DO",,,,,true
3751,IRLANDA,,,,,true
3794,ISLANDIA,,,,,true
3832,ISRAEL,,,,,true
3867,ITALIA,,,,,true
3913,JAMAICA,,,,,true
3930,"JERSEY, ILHA DO CANAL",,,,,true
3999,JAPAO,,,,,true
4030,JORDANIA,,,,,true
4111,KIRIBATI,,,,,true
4200,"LAOS, REP.POP.DEMOCR.DO",,,,,true
4260,LESOTO,,,,,true
4278,"LETONIA, REPUBLICA DA",,,,,true
4316,LIBANO,,,,,true
4340,LIBERIA,,,,,true
4383,LIBIA,,,,,true
4405,LIECHTENSTEIN,,,,,true
4421,"LITUANIA, REPUBLICA DA",,,,,true
4456,LUXEMBURGO,,,,,true
4472,MACAU,,,,,true
4499,MACEDONIA DO NORTE,,,,,true
4502,MADAGASCAR,,,,,true
4553,MALASIA,,,,,true
4588,MALAVI,,,,,true
4618,MALDIVAS,,,,,true
4642,MALI,,,,,true
4677,MALTA,,,,,true
4723,MARIANAS DO NORTE,,,,,true
4740,MARROCOS,,,,,true
4766,"MARSHALL,ILHAS",,,,,true
4774,MARTINICA,,,,,true
4855,MAURICIO,,,,,true
4880,MAURITANIA,,,,,true
4885,MAYOTTE (ILHAS FRANCESAS),,,,,true
4898,MAYOTTE (ILHAS FRANCESAS),,,,,true
4936,MEXICO,,,,,true
4944,"MOLDAVIA, REPUBLICA DA",,,,,true
4952,MONACO,,,,,true
4979,MONGOLIA,,,,,true
4985,MONTENEGRO,,,,,true
4995,MICRONESIA,,,,,true
5010,"MONTSERRAT,ILHAS",,,,,true
5053,MOCAMBIQUE,,,,,true
5070,NAMIBIA,,,,,true
5088,NAURU,,,,,true
5118,"CHRISTMAS,ILHA (NAVIDAD)",,,,,true
5177,NEPAL,,,,,true
5215,NICARAGUA,,,,,true
5258,NIGER,,,,,true
5282,NIGERIA,,,,,true
5312,"NIUE,ILHA",,,,,true
5355,"NORFOLK,ILHA",,,,,true
5380,NORUEGA,,,,,true
5428,NOVA CALEDONIA,,,,,true
5452,PAPUA NOVA GUINE,,,,,true
5487,NOVA ZELANDIA,,,,,true
5517,VANUATU,,,,,true
5568,OMA,,,,,true
5665,"PACIFICO,ILHAS DO (POSSESSAO DOS EUA)",,,,,true
5738,PAISES BAIXOS (HOLANDA),,,,,true
5754,PALAU,,,,,true
5762,PAQUISTAO,,,,,true
5780,PALESTINA,,,,,true
5800,PANAMA,,,,,true
5860,PARAGUAI,,,,,true
5894,PERU,,,,,true
5932,"PITCAIRN,ILHA",,,,,true
5991,POLINESIA FRANCESA,,,,,true
6033,"POLONIA, REPUBLICA DA",,,,,true
6076,PORTUGAL,,,,,true
6114,PORTO RICO,,,,,true
6238,QUENIA,,,,,true
6254,"QUIRGUIZ, REPUBLICA",,,,,true
6289,REINO UNIDO,,,,,true
6408,REPUBLICA CENTRO-AFRICANA,,,,,true
6475,REPUBLICA DOMINICANA,,,,,true
6602,"REUNIAO, ILHA",,,,,true
6653,ZIMBABUE,,,,,true
6700,ROMENIA,,,,,true
6750,RUANDA,,,,,true
6769,"RUSSIA, FEDERACAO DA",,,,,true
6777,"SALOMAO, ILHAS",,,,,true
6858,SAARA OCIDENTAL,,,,,true
6874,EL SALVADOR,,,,,true
6904,SAMOA,,,,,true
6912,SAMOA AMERICANA,,,,,true
6939,SAO BARTOLOMEU,,,,,true
6955,"SAO CRISTOVAO E NEVES,ILHAS",,,,,true
6971,SAN MARINO,,,,,true
6980,"SAO MARTINHO, ILHA DE (PARTE FRANCESA)",,,,,true
6998,"SAO MARTINHO, ILHA DE (PARTE HOLANDESA)",,,,,true
7005,SAO PEDRO E MIQUELON,,,,,true
7056,SAO VICENTE E GRANADINAS,,,,,true
7102,SANTA HELENA,,,,,true
7153,SANTA LUCIA,,,,,true
7200,"SAO TOME E PRINCIPE, ILHAS",,,,,true
7285,SENEGAL,,,,,true
7315,SEYCHELLES,,,,,true
7358,SERRA LEOA,,,,,true
7370,SERVIA,,,,,true
7412,CINGAPURA,,,,,true
7447,"SIRIA, REPUBLICA ARABE DA",,,,,true
7480,SOMALIA,,,,,true
7501,SRI LANKA,,,,,true
7544,ESSUATINI,,,,,true
7552,SVALBARD E JAN MAYERN,,,,,true
7560,AFRICA DO SUL,,,,,true
7595,SUDAO,,,,,true
7600,SUDÃO DO SUL,,,,,true
7641,SUECIA,,,,,true
7676,SUICA,,,,,true
7706,SURINAME,,,,,true
7722,"TADJIQUISTAO, REPUBLICA DO",,,,,true
7765,TAILANDIA,,,,,true
7803,"TANZANIA, REP.UNIDA DA",,,,,true
7811,TERRAS AUSTRAIS E ANTARTICAS FRANCESAS,,,,,true
7820,TERRITORIO BRIT.OC.INDICO,,,,,true
7838,DJIBUTI,,,,,true
7889,CHADE,,,,,true
7919,"TCHECA, REPUBLICA",,,,,true
7951,TIMOR LESTE,,,,,true
8001,TOGO,,,,,true
8052,"TOQUELAU,ILHAS",,,,,true
8109,TONGA,,,,,true
8150,TRINIDAD E TOBAGO,,,,,true
8206,TUNISIA,,,,,true
8230,"TURCAS E CAICOS,ILHAS",,,,,true
8249,"TURCOMENISTAO, REPUBLICA DO",,,,,true
8273,TURQUIA,,,,,true
8281,TUVALU,,,,,true
8311,UCRANIA,,,,,true
8338,UGANDA,,,,,true
8451,URUGUAI,,,,,true
8478,"UZBEQUISTAO, REPUBLICA DO",,,,,true
8486,"VATICANO, EST.DA CIDADE DO",,,,,true
8508,VENEZUELA,,,,,true
8583,VIETNA,,,,,true
8630,"VIRGENS,ILHAS (BRITANICAS)",,,,,true
8664,"VIRGENS,ILHAS (E.U.A.)",,,,,true
8702,FIJI,,,,,true
8753,"WALLIS E FUTUNA, ILHAS",,,,,true
8885,"CONGO, REPUBLICA DEMOCRATICA DO",,,,,true
8907,ZAMBIA,,,,,true
