cuf,uf,authorizer,authorization_url,receipt_url,protocol_url
11,RO,SVRS,https://nfe.svrs.rs.gov.br/ws/NfeAutorizacao/NFeAutorizacao4.asmx,https://nfe.svrs.rs.gov.br/ws/NfeRetAutorizacao/NFeRetAutorizacao4.asmx,https://nfe.svrs.rs.gov.br/ws/NfeConsulta/NfeConsulta4.asmx
12,AC,SVRS,https://nfe.svrs.rs.gov.br/ws/NfeAutorizacao/NFeAutorizacao4.asmx,https://nfe.svrs.rs.gov.br/ws/NfeRetAutorizacao/NFeRetAutorizacao4.asmx,https://nfe.svrs.rs.gov.br/ws/NfeConsulta/NfeConsulta4.asmx
13,AM,AM,https://nfe.sefaz.am.gov.br/services2/services/NfeAutorizacao4,https://nfe.sefaz.am.gov.br/services2/services/NfeRetAutorizacao4,https://nfe.sefaz.am.gov.br/services2/services/NfeConsulta4
14,RR,SVRS,https://nfe.svrs.rs.gov.br/ws/NfeAutorizacao/NFeAutorizacao4.asmx,https://nfe.svrs.rs.gov.br/ws/NfeRetAutorizacao/NFeRetAutorizacao4.asmx,https://nfe.svrs.rs.gov.br/ws/NfeConsulta/NfeConsulta4.asmx
15,PA,SVRS,https://nfe.svrs.rs.gov.br/ws/NfeAutorizacao/NFeAutorizacao4.asmx,https://nfe.svrs.rs.gov.br/ws/NfeRetAutorizacao/NFeRetAutorizacao4.asmx,https://nfe.svrs.rs.gov.br/ws/NfeConsulta/NfeConsulta4.asmx
16,AP,SVRS,https://nfe.svrs.rs.gov.br/ws/NfeAutorizacao/NFeAutorizacao4.asmx,https://nfe.svrs.rs.gov.br/ws/NfeRetAutorizacao/NFeRetAutorizacao4.asmx,https://nfe.svrs.rs.gov.br/ws/NfeConsulta/NfeConsulta4.asmx
17,TO,SVRS,https://nfe.svrs.rs.gov.br/ws/NfeAutorizacao/NFeAutorizacao4.asmx,https://nfe.svrs.rs.gov.br/ws/NfeRetAutorizacao/NFeRetAutorizacao4.asmx,https://nfe.svrs.rs.gov.br/ws/NfeConsulta/NfeConsulta4.asmx
21,MA,SVAN,https://www.sefazvirtual.fazenda.gov.br/NFeAutorizacao4/NFeAutorizacao4.asmx,https://www.sefazvirtual.fazenda.gov.br/NFeRetAutorizacao4/NFeRetAutorizacao4.asmx,https://www.sefazvirtual.fazenda.gov.br/NFeConsultaProtocolo4/NFeConsultaProtocolo4.asmx
22,PI,SVRS,https://nfe.svrs.rs.gov.br/ws/NfeAutorizacao/NFeAutorizacao4.asmx,https://nfe.svrs.rs.gov.br/ws/NfeRetAutorizacao/NFeRetAutorizacao4.asmx,https://nfe.svrs.rs.gov.br/ws/NfeConsulta/NfeConsulta4.asmx
23,CE,SVRS,https://nfe.svrs.rs.gov.br/ws/NfeAutorizacao/NFeAutorizacao4.asmx,https://nfe.svrs.rs.gov.br/ws/NfeRetAutorizacao/NFeRetAutorizacao4.asmx,https://nfe.svrs.rs.gov.br/ws/NfeConsulta/NfeConsulta4.asmx
24,RN,SVRS,https://nfe.svrs.rs.gov.br/ws/NfeAutorizacao/NFeAutorizacao4.asmx,https://nfe.svrs.rs.gov.br/ws/NfeRetAutorizacao/NFeRetAutorizacao4.asmx,https://nfe.svrs.rs.gov.br/ws/NfeConsulta/NfeConsulta4.asmx
25,PB,SVRS,https://nfe.svrs.rs.gov.br/ws/NfeAutorizacao/NFeAutorizacao4.asmx,https://nfe.svrs.rs.gov.br/ws/NfeRetAutorizacao/NFeRetAutorizacao4.asmx,https://nfe.svrs.rs.gov.br/ws/NfeConsulta/NfeConsulta4.asmx
26,PE,PE,https://nfe.sefaz.pe.gov.br/nfe-service/services/NFeAutorizacao4,https://nfe.sefaz.pe.gov.br/nfe-service/services/NFeRetAutorizacao4,https://nfe.sefaz.pe.gov.br/nfe-service/services/NFeConsultaProtocolo4
27,AL,SVRS,https://nfe.svrs.rs.gov.br/ws/NfeAutorizacao/NFeAutorizacao4.asmx,https://nfe.svrs.rs.gov.br/ws/NfeRetAutorizacao/NFeRetAutorizacao4.asmx,https://nfe.svrs.rs.gov.br/ws/NfeConsulta/NfeConsulta4.asmx
28,SE,SVRS,https://nfe.svrs.rs.gov.br/ws/NfeAutorizacao/NFeAutorizacao4.asmx,https://nfe.svrs.rs.gov.br/ws/NfeRetAutorizacao/NFeRetAutorizacao4.asmx,https://nfe.svrs.rs.gov.br/ws/NfeConsulta/NfeConsulta4.asmx
29,BA,BA,https://nfe.sefaz.ba.gov.br/webservices/NFeAutorizacao4/NFeAutorizacao4.asmx,https://nfe.sefaz.ba.gov.br/webservices/NFeRetAutorizacao4/NFeRetAutorizacao4.asmx,https://nfe.sefaz.ba.gov.br/webservices/NFeConsultaProtocolo4/NFeConsultaProtocolo4.asmx
31,MG,MG,https://nfe.fazenda.mg.gov.br/nfe2/services/NFeAutorizacao4,https://nfe.fazenda.mg.gov.br/nfe2/services/NFeRetAutorizacao4,https://nfe.fazenda.mg.gov.br/nfe2/services/NFeConsultaProtocolo4
32,ES,SVRS,https://nfe.svrs.rs.gov.br/ws/NfeAutorizacao/NFeAutorizacao4.asmx,https://nfe.svrs.rs.gov.br/ws/NfeRetAutorizacao/NFeRetAutorizacao4.asmx,https://nfe.svrs.rs.gov.br/ws/NfeConsulta/NfeConsulta4.asmx
33,RJ,SVRS,https://nfe.svrs.rs.gov.br/ws/NfeAutorizacao/NFeAutorizacao4.asmx,https://nfe.svrs.rs.gov.br/ws/NfeRetAutorizacao/NFeRetAutorizacao4.asmx,https://nfe.svrs.rs.gov.br/ws/NfeConsulta/NfeConsulta4.asmx
35,SP,SP,https://nfe.fazenda.sp.gov.br/ws/nfeautorizacao4.asmx,https://nfe.fazenda.sp.gov.br/ws/nferetautorizacao4.asmx,https://nfe.fazenda.sp.gov.br/ws/nfeconsultaprotocolo4.asmx
41,PR,PR,https://nfe.sefa.pr.gov.br/nfe/NFeAutorizacao4,https://nfe.sefa.pr.gov.br/nfe/NFeRetAutorizacao4,https://nfe.sefa.pr.gov.br/nfe/NFeConsultaProtocolo4
42,SC,SVRS,https://nfe.svrs.rs.gov.br/ws/NfeAutorizacao/NFeAutorizacao4.asmx,https://nfe.svrs.rs.gov.br/ws/NfeRetAutorizacao/NFeRetAutorizacao4.asmx,https://nfe.svrs.rs.gov.br/ws/NfeConsulta/NfeConsulta4.asmx
43,RS,RS,https://nfe.sefazrs.rs.gov.br/ws/NfeAutorizacao/NFeAutorizacao4.asmx,https://nfe.sefazrs.rs.gov.br/ws/NfeRetAutorizacao/NFeRetAutorizacao4.asmx,https://nfe.sefazrs.rs.gov.br/ws/NfeConsulta/NfeConsulta4.asmx
50,MS,MS,https://nfe.sefaz.ms.gov.br/ws/NFeAutorizacao4,https://nfe.sefaz.ms.gov.br/ws/NFeRetAutorizacao4,https://nfe.sefaz.ms.gov.br/ws/NFeConsultaProtocolo4
51,MT,MT,https://nfe.sefaz.mt.gov.br/nfews/v2/services/NfeAutorizacao4,https://nfe.sefaz.mt.gov.br/nfews/v2/services/NfeRetAutorizacao4,https://nfe.sefaz.mt.gov.br/nfews/v2/services/NfeConsulta4
52,GO,GO,https://nfe.sefaz.go.gov.br/nfe/services/NFeAutorizacao4,https://nfe.sefaz.go.gov.br/nfe/services/NFeRetAutorizacao4,https://nfe.sefaz.go.gov.br/nfe/services/NFeConsultaProtocolo4
53,DF,SVRS,https://nfe.svrs.rs.gov.br/ws/NfeAutorizacao/NFeAutorizacao4.asmx,https://nfe.svrs.rs.gov.br/ws/NfeRetAutorizacao/NFeRetAutorizacao4.asmx,https://nfe.svrs.rs.gov.br/ws/NfeConsulta/NfeConsulta4.asmx
